{"cameraMode":{"drawMode":0,"name":"Shaded","section":"Shading Mode"},"sceneLighting":false,"audioPlay":false,"sceneViewState":{"showFog":true,"showMaterialUpdate":false,"showSkybox":true,"showFlares":true,"showImageEffects":true,"showParticleSystems":true},"in2DMode":false,"pivot":{"x":-3.6319034099578859,"y":1.2652136087417603,"z":3.1600654125213625},"rotation":{"x":-0.39988547563552859,"y":0.4490600526332855,"z":-0.23515473306179048,"w":-0.7636318802833557},"size":8.09617805480957,"orthographic":false}